phoneNumber,pin
01711111111,123458
01711111112,123458
01711111113,123458
01711111114,123458
01711111115,123458
01711111116,123458
01711111117,123458
01711111118,123458
01711111119,123458
01711111120,123458
01711111121,123458
01711111122,123458
01711111123,123458
01711111124,123458
01711111125,123458
01711111126,123458
01711111127,123458
01711111128,123458
01711111129,123458
01711111130,123458
01711111131,123458
01711111132,123458
01711111133,123458
01711111134,123458
01711111135,123458
01711111136,123458
01711111137,123458
01711111138,123458
01711111139,123458
01711111140,123458
01711111141,123458
01711111142,123458
01711111143,123458
01711111144,123458
01711111145,123458
01711111146,123458
01711111147,123458
01711111148,123458
01711111149,123458
01711111150,123458
01711111151,123458
01711111152,123458
01711111153,123458
01711111154,123458
01711111155,123458
01711111156,123458
01711111157,123458
01711111158,123458
01711111159,123458
01711111160,123458
01711111161,123458
01711111162,123458
01711111163,123458
01711111164,123458
01711111165,123458
01711111166,123458
01711111167,123458
01711111168,123458
01711111169,123458
01711111170,123458
01711111171,123458
01711111172,123458
01711111173,123458
01711111174,123458
01711111175,123458
01711111176,123458
01711111177,123458
01711111178,123458
01711111179,123458
01711111180,123458
01711111181,123458
01711111182,123458
01711111183,123458
01711111184,123458
01711111185,123458
01711111186,123458
01711111187,123458
01711111188,123458
01711111189,123458
01711111190,123458
01711111191,123458
01711111192,123458
01711111193,123458
01711111194,123458
01711111195,123458
01711111196,123458
01711111197,123458
01711111198,123458
01711111199,123458
01711111200,123458
01711111201,123458
01711111202,123458
01711111203,123458
01711111204,123458
01711111205,123458
01711111206,123458
01711111207,123458
01711111208,123458
01711111209,123458
01711111210,123458
01711111211,123458
01711111212,123458
01711111213,123458
01711111214,123458
01711111215,123458
01711111216,123458
01711111217,123458
01711111218,123458
01711111219,123458
01711111220,123458
01711111221,123458
01711111222,123458
01711111223,123458
01711111224,123458
01711111225,123458
01711111226,123458
01711111227,123458
01711111228,123458
01711111229,123458
01711111230,123458
01711111231,123458
01711111232,123458
01711111233,123458
01711111234,123458
01711111235,123458
01711111236,123458
01711111237,123458
01711111238,123458
01711111239,123458
01711111240,123458
01711111241,123458
01711111242,123458
01711111243,123458
01711111244,123458
01711111245,123458
01711111246,123458
01711111247,123458
01711111248,123458
01711111249,123458
01711111250,123458
01711111251,123458
01711111252,123458
01711111253,123458
01711111254,123458
01711111255,123458
01711111256,123458
01711111257,123458
01711111258,123458
01711111259,123458
01711111260,123458
01711111261,123458
01711111262,123458
01711111263,123458
01711111264,123458
01711111265,123458
01711111266,123458
01711111267,123458
01711111268,123458
01711111269,123458
01711111270,123458
01711111271,123458
01711111272,123458
01711111273,123458
01711111274,123458
01711111275,123458
01711111276,123458
01711111277,123458
01711111278,123458
01711111279,123458
01711111280,123458
01711111281,123458
01711111282,123458
01711111283,123458
01711111284,123458
01711111285,123458
01711111286,123458
01711111287,123458
01711111288,123458
01711111289,123458
01711111290,123458
01711111291,123458
01711111292,123458
01711111293,123458
01711111294,123458
01711111295,123458
01711111296,123458
01711111297,123458
01711111298,123458
01711111299,123458
01711111300,123458
01711111301,123458
01711111302,123458
01711111303,123458
01711111304,123458
01711111305,123458
01711111306,123458
01711111307,123458
01711111308,123458
01711111309,123458
01711111310,123458
01711111311,123458
01711111312,123458
01711111313,123458
01711111314,123458
01711111315,123458
01711111316,123458
01711111317,123458
01711111318,123458
01711111319,123458
01711111320,123458
01711111321,123458
01711111322,123458
01711111323,123458
01711111324,123458
01711111325,123458
01711111326,123458
01711111327,123458
01711111328,123458
01711111329,123458
01711111330,123458
01711111331,123458
01711111332,123458
01711111333,123458
01711111334,123458
01711111335,123458
01711111336,123458
01711111337,123458
01711111338,123458
01711111339,123458
01711111340,123458
01711111341,123458
01711111342,123458
01711111343,123458
01711111344,123458
01711111345,123458
01711111346,123458
01711111347,123458
01711111348,123458
01711111349,123458
01711111350,123458
01711111351,123458
01711111352,123458
01711111353,123458
01711111354,123458
01711111355,123458
01711111356,123458
01711111357,123458
01711111358,123458
01711111359,123458
01711111360,123458
01711111361,123458
01711111362,123458
01711111363,123458
01711111364,123458
01711111365,123458
01711111366,123458
01711111367,123458
01711111368,123458
01711111369,123458
01711111370,123458
01711111371,123458
01711111372,123458
01711111373,123458
01711111374,123458
01711111375,123458
01711111376,123458
01711111377,123458
01711111378,123458
01711111379,123458
01711111380,123458
01711111381,123458
01711111382,123458
01711111383,123458
01711111384,123458
01711111385,123458
01711111386,123458
01711111387,123458
01711111388,123458
01711111389,123458
01711111390,123458
01711111391,123458
01711111392,123458
01711111393,123458
01711111394,123458
01711111395,123458
01711111396,123458
01711111397,123458
01711111398,123458
01711111399,123458
01711111400,123458
01711111401,123458
01711111402,123458
01711111403,123458
01711111404,123458
01711111405,123458
01711111406,123458
01711111407,123458
01711111408,123458
01711111409,123458
01711111410,123458
01711111411,123458
01711111412,123458
01711111413,123458
01711111414,123458
01711111415,123458
01711111416,123458
01711111417,123458
01711111418,123458
01711111419,123458
01711111420,123458
01711111421,123458
01711111422,123458
01711111423,123458
01711111424,123458
01711111425,123458
01711111426,123458
01711111427,123458
01711111428,123458
01711111429,123458
01711111430,123458
01711111431,123458
01711111432,123458
01711111433,123458
01711111434,123458
01711111435,123458
01711111436,123458
01711111437,123458
01711111438,123458
01711111439,123458
01711111440,123458
01711111441,123458
01711111442,123458
01711111443,123458
01711111444,123458
01711111445,123458
01711111446,123458
01711111447,123458
01711111448,123458
01711111449,123458
01711111450,123458
01711111451,123458
01711111452,123458
01711111453,123458
01711111454,123458
01711111455,123458
01711111456,123458
01711111457,123458
01711111458,123458
01711111459,123458
01711111460,123458
01711111461,123458
01711111462,123458
01711111463,123458
01711111464,123458
01711111465,123458
01711111466,123458
01711111467,123458
01711111468,123458
01711111469,123458
01711111470,123458
01711111471,123458
01711111472,123458
01711111473,123458
01711111474,123458
01711111475,123458
01711111476,123458
01711111477,123458
01711111478,123458
01711111479,123458
01711111480,123458
01711111481,123458
01711111482,123458
01711111483,123458
01711111484,123458
01711111485,123458
01711111486,123458
01711111487,123458
01711111488,123458
01711111489,123458
01711111490,123458
01711111491,123458
01711111492,123458
01711111493,123458
01711111494,123458
01711111495,123458
01711111496,123458
01711111497,123458
01711111498,123458
01711111499,123458
01711111500,123458
01711111501,123458
01711111502,123458
01711111503,123458
01711111504,123458
01711111505,123458
01711111506,123458
01711111507,123458
01711111508,123458
01711111509,123458